Loan_ID,Gender,d_gender,Married,d_married,Dependents,d_dependents,Education,d_education,Self_Employed,d_self_employed,ApplicantIncome,CoapplicantIncome,LoanAmount,Loan_Amount_Term,Credit_History,Property_Area,d_urban,d_rural,Loan_Status,d_loan_status
LP001002,Male,0,No,0,0,0,Graduate,1,No,0,5849,0,,360,1,Urban,1,0,Y,1
LP001003,Male,0,Yes,1,1,1,Graduate,1,No,0,4583,1508,128,360,1,Rural,0,1,N,0
LP001005,Male,0,Yes,1,0,0,Graduate,1,Yes,1,3000,0,66,360,1,Urban,1,0,Y,1
LP001006,Male,0,Yes,1,0,0,Not Graduate,0,No,0,2583,2358,120,360,1,Urban,1,0,Y,1
LP001008,Male,0,No,0,0,0,Graduate,1,No,0,6000,0,141,360,1,Urban,1,0,Y,1
LP001011,Male,0,Yes,1,2,1,Graduate,1,Yes,1,5417,4196,267,360,1,Urban,1,0,Y,1
LP001013,Male,0,Yes,1,0,0,Not Graduate,0,No,0,2333,1516,95,360,1,Urban,1,0,Y,1
LP001014,Male,0,Yes,1,3+,1,Graduate,1,No,0,3036,2504,158,360,0,Semiurban,0,0,N,0
LP001018,Male,0,Yes,1,2,1,Graduate,1,No,0,4006,1526,168,360,1,Urban,1,0,Y,1
LP001020,Male,0,Yes,1,1,1,Graduate,1,No,0,12841,10968,349,360,1,Semiurban,0,0,N,0
LP001024,Male,0,Yes,1,2,1,Graduate,1,No,0,3200,700,70,360,1,Urban,1,0,Y,1
LP001027,Male,0,Yes,1,2,1,Graduate,1,Yes,0,2500,1840,109,360,1,Urban,1,0,Y,1
LP001028,Male,0,Yes,1,2,1,Graduate,1,No,0,3073,8106,200,360,1,Urban,1,0,Y,1
LP001029,Male,0,No,0,0,0,Graduate,1,No,0,1853,2840,114,360,1,Rural,0,1,N,0
LP001030,Male,0,Yes,1,2,1,Graduate,1,No,0,1299,1086,17,120,1,Urban,1,0,Y,1
LP001032,Male,0,No,0,0,0,Graduate,1,No,0,4950,0,125,360,1,Urban,1,0,Y,1
LP001034,Male,0,No,0,1,1,Not Graduate,0,No,0,3596,0,100,240,0,Urban,1,0,Y,1
LP001036,Female,1,No,0,0,0,Graduate,1,No,0,3510,0,76,360,0,Urban,1,0,N,0
LP001038,Male,0,Yes,1,0,0,Not Graduate,0,No,0,4887,0,133,360,1,Rural,0,1,N,0
LP001041,Male,0,Yes,1,0,0,Graduate,1,No,0,2600,3500,115,,1,Urban,1,0,Y,1
LP001043,Male,0,Yes,1,0,0,Not Graduate,0,No,0,7660,0,104,360,0,Urban,1,0,N,0
LP001046,Male,0,Yes,1,1,1,Graduate,1,No,0,5955,5625,315,360,1,Urban,1,0,Y,1
LP001047,Male,0,Yes,1,0,0,Not Graduate,0,No,0,2600,1911,116,360,0,Semiurban,0,0,N,0
LP001050,Female,1,Yes,1,2,1,Not Graduate,0,No,0,3365,1917,112,360,0,Rural,0,1,N,0
LP001052,Male,0,Yes,1,1,1,Graduate,1,Yes,0,3717,2925,151,360,,Semiurban,0,0,N,0
LP001066,Male,0,Yes,1,0,0,Graduate,1,Yes,1,9560,0,191,360,1,Semiurban,0,0,Y,1
LP001068,Male,0,Yes,1,0,0,Graduate,1,No,0,2799,2253,122,360,1,Semiurban,0,0,Y,1
LP001073,Male,0,Yes,1,2,1,Not Graduate,0,No,0,4226,1040,110,360,1,Urban,1,0,Y,1
LP001086,Male,0,No,0,0,0,Not Graduate,0,No,0,1442,0,35,360,1,Urban,1,0,N,0
LP001087,Female,1,No,0,2,1,Graduate,1,No,0,3750,2083,120,360,1,Semiurban,0,0,Y,1
LP001091,Male,0,Yes,1,1,1,Graduate,1,Yes,0,4166,3369,201,360,,Urban,1,0,N,0
LP001095,Male,0,No,0,0,0,Graduate,1,No,0,3167,0,74,360,1,Urban,1,0,N,0
LP001097,Male,0,No,0,1,1,Graduate,1,Yes,1,4692,0,106,360,1,Rural,0,1,N,0
LP001098,Male,0,Yes,1,0,0,Graduate,1,No,0,3500,1667,114,360,1,Semiurban,0,0,Y,1
LP001100,Male,0,No,0,3+,1,Graduate,1,No,0,12500,3000,320,360,1,Rural,0,1,N,0
LP001106,Male,0,Yes,1,0,0,Graduate,1,No,0,2275,2067,,360,1,Urban,1,0,Y,1
LP001109,Male,0,Yes,1,0,0,Graduate,1,No,0,1828,1330,100,,0,Urban,1,0,N,0
LP001112,Female,1,Yes,1,0,0,Graduate,1,No,0,3667,1459,144,360,1,Semiurban,0,0,Y,1
LP001114,Male,0,No,0,0,0,Graduate,1,No,0,4166,7210,184,360,1,Urban,1,0,Y,1
LP001116,Male,0,No,0,0,0,Not Graduate,0,No,0,3748,1668,110,360,1,Semiurban,0,0,Y,1
LP001119,Male,0,No,0,0,0,Graduate,1,No,0,3600,0,80,360,1,Urban,1,0,N,0
LP001120,Male,0,No,0,0,0,Graduate,1,No,0,1800,1213,47,360,1,Urban,1,0,Y,1
LP001123,Male,0,Yes,1,0,0,Graduate,1,No,0,2400,0,75,360,,Urban,1,0,Y,1
LP001131,Male,0,Yes,1,0,0,Graduate,1,No,0,3941,2336,134,360,1,Semiurban,0,0,Y,1
LP001136,Male,0,Yes,1,0,0,Not Graduate,0,Yes,1,4695,0,96,,1,Urban,1,0,Y,1
LP001137,Female,1,No,0,0,0,Graduate,1,No,0,3410,0,88,,1,Urban,1,0,Y,1
LP001138,Male,0,Yes,1,1,1,Graduate,1,No,0,5649,0,44,360,1,Urban,1,0,Y,1
LP001144,Male,0,Yes,1,0,0,Graduate,1,No,0,5821,0,144,360,1,Urban,1,0,Y,1
LP001146,Female,1,Yes,1,0,0,Graduate,1,No,0,2645,3440,120,360,0,Urban,1,0,N,0
LP001151,Female,1,No,0,0,0,Graduate,1,No,0,4000,2275,144,360,1,Semiurban,0,0,Y,1
LP001155,Female,1,Yes,1,0,0,Not Graduate,0,No,0,1928,1644,100,360,1,Semiurban,0,0,Y,1
LP001157,Female,1,No,0,0,0,Graduate,1,No,0,3086,0,120,360,1,Semiurban,0,0,Y,1
LP001164,Female,1,No,0,0,0,Graduate,1,No,0,4230,0,112,360,1,Semiurban,0,0,N,0
LP001179,Male,0,Yes,1,2,1,Graduate,1,No,0,4616,0,134,360,1,Urban,1,0,N,0
LP001186,Female,1,Yes,1,1,1,Graduate,1,Yes,1,11500,0,286,360,0,Urban,1,0,N,0
LP001194,Male,0,Yes,1,2,1,Graduate,1,No,0,2708,1167,97,360,1,Semiurban,0,0,Y,1
LP001195,Male,0,Yes,1,0,0,Graduate,1,No,0,2132,1591,96,360,1,Semiurban,0,0,Y,1
LP001197,Male,0,Yes,1,0,0,Graduate,1,No,0,3366,2200,135,360,1,Rural,0,1,N,0
LP001198,Male,0,Yes,1,1,1,Graduate,1,No,0,8080,2250,180,360,1,Urban,1,0,Y,1
LP001199,Male,0,Yes,1,2,1,Not Graduate,0,No,0,3357,2859,144,360,1,Urban,1,0,Y,1
LP001205,Male,0,Yes,1,0,0,Graduate,1,No,0,2500,3796,120,360,1,Urban,1,0,Y,1
LP001206,Male,0,Yes,1,3+,1,Graduate,1,No,0,3029,0,99,360,1,Urban,1,0,Y,1
LP001207,Male,0,Yes,1,0,0,Not Graduate,0,Yes,1,2609,3449,165,180,0,Rural,0,1,N,0
LP001213,Male,0,Yes,1,1,1,Graduate,1,No,0,4945,0,,360,0,Rural,0,1,N,0
LP001222,Female,1,No,0,0,0,Graduate,1,No,0,4166,0,116,360,0,Semiurban,0,0,N,0
LP001225,Male,0,Yes,1,0,0,Graduate,1,No,0,5726,4595,258,360,1,Semiurban,0,0,N,0
LP001228,Male,0,No,0,0,0,Not Graduate,0,No,0,3200,2254,126,180,0,Urban,1,0,N,0
LP001233,Male,0,Yes,1,1,1,Graduate,1,No,0,10750,0,312,360,1,Urban,1,0,Y,1
LP001238,Male,0,Yes,1,3+,1,Not Graduate,0,Yes,1,7100,0,125,60,1,Urban,1,0,Y,1
LP001241,Female,1,No,0,0,0,Graduate,1,No,0,4300,0,136,360,0,Semiurban,0,0,N,0
LP001243,Male,0,Yes,1,0,0,Graduate,1,No,0,3208,3066,172,360,1,Urban,1,0,Y,1
LP001245,Male,0,Yes,1,2,1,Not Graduate,0,Yes,1,1875,1875,97,360,1,Semiurban,0,0,Y,1
LP001248,Male,0,No,0,0,0,Graduate,1,No,0,3500,0,81,300,1,Semiurban,0,0,Y,1
LP001250,Male,0,Yes,1,3+,1,Not Graduate,0,No,0,4755,0,95,,0,Semiurban,0,0,N,0
LP001253,Male,0,Yes,1,3+,1,Graduate,1,Yes,1,5266,1774,187,360,1,Semiurban,0,0,Y,1
LP001255,Male,0,No,0,0,0,Graduate,1,No,0,3750,0,113,480,1,Urban,1,0,N,0
LP001256,Male,0,No,0,0,0,Graduate,1,No,0,3750,4750,176,360,1,Urban,1,0,N,0
LP001259,Male,0,Yes,1,1,1,Graduate,1,Yes,1,1000,3022,110,360,1,Urban,1,0,N,0
LP001263,Male,0,Yes,1,3+,1,Graduate,1,No,0,3167,4000,180,300,0,Semiurban,0,0,N,0
LP001264,Male,0,Yes,1,3+,1,Not Graduate,0,Yes,1,3333,2166,130,360,,Semiurban,0,0,Y,1
LP001265,Female,1,No,0,0,0,Graduate,1,No,0,3846,0,111,360,1,Semiurban,0,0,Y,1
LP001266,Male,0,Yes,1,1,1,Graduate,1,Yes,1,2395,0,,360,1,Semiurban,0,0,Y,1
LP001267,Female,1,Yes,1,2,1,Graduate,1,No,0,1378,1881,167,360,1,Urban,1,0,N,0
LP001273,Male,0,Yes,1,0,0,Graduate,1,No,0,6000,2250,265,360,,Semiurban,0,0,N,0
LP001275,Male,0,Yes,1,1,1,Graduate,1,No,0,3988,0,50,240,1,Urban,1,0,Y,1
LP001279,Male,0,No,0,0,0,Graduate,1,No,0,2366,2531,136,360,1,Semiurban,0,0,Y,1
LP001280,Male,0,Yes,1,2,1,Not Graduate,0,No,0,3333,2000,99,360,,Semiurban,0,0,Y,1
LP001282,Male,0,Yes,1,0,0,Graduate,1,No,0,2500,2118,104,360,1,Semiurban,0,0,Y,1
LP001289,Male,0,No,0,0,0,Graduate,1,No,0,8566,0,210,360,1,Urban,1,0,Y,1
LP001310,Male,0,Yes,1,0,0,Graduate,1,No,0,5695,4167,175,360,1,Semiurban,0,0,Y,1
LP001316,Male,0,Yes,1,0,0,Graduate,1,No,0,2958,2900,131,360,1,Semiurban,0,0,Y,1
LP001318,Male,0,Yes,1,2,1,Graduate,1,No,0,6250,5654,188,180,1,Semiurban,0,0,Y,1
LP001319,Male,0,Yes,1,2,1,Not Graduate,0,No,0,3273,1820,81,360,1,Urban,1,0,Y,1
LP001322,Male,0,No,0,0,0,Graduate,1,No,0,4133,0,122,360,1,Semiurban,0,0,Y,1
LP001325,Male,0,No,0,0,0,Not Graduate,0,No,0,3620,0,25,120,1,Semiurban,0,0,Y,1
LP001326,Male,0,No,0,0,0,Graduate,1,No,0,6782,0,,360,,Urban,1,0,N,0
LP001327,Female,1,Yes,1,0,0,Graduate,1,No,0,2484,2302,137,360,1,Semiurban,0,0,Y,1
LP001333,Male,0,Yes,1,0,0,Graduate,1,No,0,1977,997,50,360,1,Semiurban,0,0,Y,1
LP001334,Male,0,Yes,1,0,0,Not Graduate,0,No,0,4188,0,115,180,1,Semiurban,0,0,Y,1
LP001343,Male,0,Yes,1,0,0,Graduate,1,No,0,1759,3541,131,360,1,Semiurban,0,0,Y,1
LP001345,Male,0,Yes,1,2,1,Not Graduate,0,No,0,4288,3263,133,180,1,Urban,1,0,Y,1
LP001349,Male,0,No,0,0,0,Graduate,1,No,0,4843,3806,151,360,1,Semiurban,0,0,Y,1
LP001350,Male,0,Yes,1,1,1,Graduate,1,No,0,13650,0,,360,1,Urban,1,0,Y,1
LP001356,Male,0,Yes,1,0,0,Graduate,1,No,0,4652,3583,,360,1,Semiurban,0,0,Y,1
LP001357,Male,0,No,0,0,0,Graduate,1,No,0,3816,754,160,360,1,Urban,1,0,Y,1
LP001367,Male,0,Yes,1,1,1,Graduate,1,No,0,3052,1030,100,360,1,Urban,1,0,Y,1
LP001369,Male,0,Yes,1,2,1,Graduate,1,No,0,11417,1126,225,360,1,Urban,1,0,Y,1
LP001370,Male,0,No,0,0,0,Not Graduate,0,Yes,0,7333,0,120,360,1,Rural,0,1,N,0
LP001379,Male,0,Yes,1,2,1,Graduate,1,No,0,3800,3600,216,360,0,Urban,1,0,N,0
LP001384,Male,0,Yes,1,3+,1,Not Graduate,0,No,0,2071,754,94,480,1,Semiurban,0,0,Y,1
LP001385,Male,0,No,0,0,0,Graduate,1,No,0,5316,0,136,360,1,Urban,1,0,Y,1
LP001387,Female,1,Yes,1,0,0,Graduate,1,Yes,0,2929,2333,139,360,1,Semiurban,0,0,Y,1
LP001391,Male,0,Yes,1,0,0,Not Graduate,0,No,0,3572,4114,152,,0,Rural,0,1,N,0
LP001392,Female,1,No,0,1,1,Graduate,1,Yes,1,7451,0,,360,1,Semiurban,0,0,Y,1
LP001398,Male,0,No,0,0,0,Graduate,1,No,0,5050,0,118,360,1,Semiurban,0,0,Y,1
LP001401,Male,0,Yes,1,1,1,Graduate,1,No,0,14583,0,185,180,1,Rural,0,1,Y,1
LP001404,Female,1,Yes,1,0,0,Graduate,1,No,0,3167,2283,154,360,1,Semiurban,0,0,Y,1
LP001405,Male,0,Yes,1,1,1,Graduate,1,No,0,2214,1398,85,360,,Urban,1,0,Y,1
LP001421,Male,0,Yes,1,0,0,Graduate,1,No,0,5568,2142,175,360,1,Rural,0,1,N,0
LP001422,Female,1,No,0,0,0,Graduate,1,No,0,10408,0,259,360,1,Urban,1,0,Y,1
LP001426,Male,0,Yes,1,1,1,Graduate,1,No,0,5667,2667,180,360,1,Rural,0,1,Y,1
LP001430,Female,1,No,0,0,0,Graduate,1,No,0,4166,0,44,360,1,Semiurban,0,0,Y,1
LP001431,Female,1,No,0,0,0,Graduate,1,No,0,2137,8980,137,360,0,Semiurban,0,0,Y,1
LP001432,Male,0,Yes,1,2,1,Graduate,1,No,0,2957,0,81,360,1,Semiurban,0,0,Y,1
LP001439,Male,0,Yes,1,0,0,Not Graduate,0,No,0,4300,2014,194,360,1,Rural,0,1,Y,1
LP001443,Female,1,No,0,0,0,Graduate,1,No,0,3692,0,93,360,,Rural,0,1,Y,1
LP001448,Male,0,Yes,1,3+,1,Graduate,1,No,0,23803,0,370,360,1,Rural,0,1,Y,1
LP001449,Male,0,No,0,0,0,Graduate,1,No,0,3865,1640,,360,1,Rural,0,1,Y,1
LP001451,Male,0,Yes,1,1,1,Graduate,1,Yes,1,10513,3850,160,180,0,Urban,1,0,N,0
LP001465,Male,0,Yes,1,0,0,Graduate,1,No,0,6080,2569,182,360,,Rural,0,1,N,0
LP001469,Male,0,No,0,0,0,Graduate,1,Yes,1,20166,0,650,480,,Urban,1,0,Y,1
LP001473,Male,0,No,0,0,0,Graduate,1,No,0,2014,1929,74,360,1,Urban,1,0,Y,1
LP001478,Male,0,No,0,0,0,Graduate,1,No,0,2718,0,70,360,1,Semiurban,0,0,Y,1
LP001482,Male,0,Yes,1,0,0,Graduate,1,Yes,1,3459,0,25,120,1,Semiurban,0,0,Y,1
LP001487,Male,0,No,0,0,0,Graduate,1,No,0,4895,0,102,360,1,Semiurban,0,0,Y,1
LP001488,Male,0,Yes,1,3+,1,Graduate,1,No,0,4000,7750,290,360,1,Semiurban,0,0,N,0
LP001489,Female,1,Yes,1,0,0,Graduate,1,No,0,4583,0,84,360,1,Rural,0,1,N,0
LP001491,Male,0,Yes,1,2,1,Graduate,1,Yes,1,3316,3500,88,360,1,Urban,1,0,Y,1
LP001492,Male,0,No,0,0,0,Graduate,1,No,0,14999,0,242,360,0,Semiurban,0,0,N,0
LP001493,Male,0,Yes,1,2,1,Not Graduate,0,No,0,4200,1430,129,360,1,Rural,0,1,N,0
LP001497,Male,0,Yes,1,2,1,Graduate,1,No,0,5042,2083,185,360,1,Rural,0,1,N,0
LP001498,Male,0,No,0,0,0,Graduate,1,No,0,5417,0,168,360,1,Urban,1,0,Y,1
LP001504,Male,0,No,0,0,0,Graduate,1,Yes,1,6950,0,175,180,1,Semiurban,0,0,Y,1
LP001507,Male,0,Yes,1,0,0,Graduate,1,No,0,2698,2034,122,360,1,Semiurban,0,0,Y,1
LP001508,Male,0,Yes,1,2,1,Graduate,1,No,0,11757,0,187,180,1,Urban,1,0,Y,1
LP001514,Female,1,Yes,1,0,0,Graduate,1,No,0,2330,4486,100,360,1,Semiurban,0,0,Y,1
LP001516,Female,1,Yes,1,2,1,Graduate,1,No,0,14866,0,70,360,1,Urban,1,0,Y,1
LP001518,Male,0,Yes,1,1,1,Graduate,1,No,0,1538,1425,30,360,1,Urban,1,0,Y,1
LP001519,Female,1,No,0,0,0,Graduate,1,No,0,10000,1666,225,360,1,Rural,0,1,N,0
LP001520,Male,0,Yes,1,0,0,Graduate,1,No,0,4860,830,125,360,1,Semiurban,0,0,Y,1
LP001528,Male,0,No,0,0,0,Graduate,1,No,0,6277,0,118,360,0,Rural,0,1,N,0
LP001529,Male,0,Yes,1,0,0,Graduate,1,Yes,1,2577,3750,152,360,1,Rural,0,1,Y,1
LP001531,Male,0,No,0,0,0,Graduate,1,No,0,9166,0,244,360,1,Urban,1,0,N,0
LP001532,Male,0,Yes,1,2,1,Not Graduate,0,No,0,2281,0,113,360,1,Rural,0,1,N,0
LP001535,Male,0,No,0,0,0,Graduate,1,No,0,3254,0,50,360,1,Urban,1,0,Y,1
LP001536,Male,0,Yes,1,3+,1,Graduate,1,No,0,39999,0,600,180,0,Semiurban,0,0,Y,1
LP001541,Male,0,Yes,1,1,1,Graduate,1,No,0,6000,0,160,360,,Rural,0,1,Y,1
LP001543,Male,0,Yes,1,1,1,Graduate,1,No,0,9538,0,187,360,1,Urban,1,0,Y,1
LP001546,Male,0,No,0,0,0,Graduate,1,Yes,0,2980,2083,120,360,1,Rural,0,1,Y,1
LP001552,Male,0,Yes,1,0,0,Graduate,1,No,0,4583,5625,255,360,1,Semiurban,0,0,Y,1
LP001560,Male,0,Yes,1,0,0,Not Graduate,0,No,0,1863,1041,98,360,1,Semiurban,0,0,Y,1
LP001562,Male,0,Yes,1,0,0,Graduate,1,No,0,7933,0,275,360,1,Urban,1,0,N,0
LP001565,Male,0,Yes,1,1,1,Graduate,1,No,0,3089,1280,121,360,0,Semiurban,0,0,N,0
LP001570,Male,0,Yes,1,2,1,Graduate,1,No,0,4167,1447,158,360,1,Rural,0,1,Y,1
LP001572,Male,0,Yes,1,0,0,Graduate,1,No,0,9323,0,75,180,1,Urban,1,0,Y,1
LP001574,Male,0,Yes,1,0,0,Graduate,1,No,0,3707,3166,182,,1,Rural,0,1,Y,1
LP001577,Female,1,Yes,1,0,0,Graduate,1,No,0,4583,0,112,360,1,Rural,0,1,N,0
LP001578,Male,0,Yes,1,0,0,Graduate,1,No,0,2439,3333,129,360,1,Rural,0,1,Y,1
LP001579,Male,0,No,0,0,0,Graduate,1,No,0,2237,0,63,480,0,Semiurban,0,0,N,0
LP001580,Male,0,Yes,1,2,1,Graduate,1,No,0,8000,0,200,360,1,Semiurban,0,0,Y,1
LP001581,Male,0,Yes,1,0,0,Not Graduate,0,Yes,0,1820,1769,95,360,1,Rural,0,1,Y,1
LP001585,Female,1,Yes,1,3+,1,Graduate,1,No,0,51763,0,700,300,1,Urban,1,0,Y,1
LP001586,Male,0,Yes,1,3+,1,Not Graduate,0,No,0,3522,0,81,180,1,Rural,0,1,N,0
LP001594,Male,0,Yes,1,0,0,Graduate,1,No,0,5708,5625,187,360,1,Semiurban,0,0,Y,1
LP001603,Male,0,Yes,1,0,0,Not Graduate,0,Yes,1,4344,736,87,360,1,Semiurban,0,0,N,0
LP001606,Male,0,Yes,1,0,0,Graduate,1,No,0,3497,1964,116,360,1,Rural,0,1,Y,1
LP001608,Male,0,Yes,1,2,1,Graduate,1,No,0,2045,1619,101,360,1,Rural,0,1,Y,1
LP001610,Male,0,Yes,1,3+,1,Graduate,1,No,0,5516,11300,495,360,0,Semiurban,0,0,N,0
LP001616,Male,0,Yes,1,1,1,Graduate,1,No,0,3750,0,116,360,1,Semiurban,0,0,Y,1
LP001630,Male,0,No,0,0,0,Not Graduate,0,No,0,2333,1451,102,480,0,Urban,1,0,N,0
LP001633,Male,0,Yes,1,1,1,Graduate,1,No,0,6400,7250,180,360,0,Urban,1,0,N,0
LP001634,Male,0,No,0,0,0,Graduate,1,No,0,1916,5063,67,360,,Rural,0,1,N,0
LP001636,Male,0,Yes,1,0,0,Graduate,1,No,0,4600,0,73,180,1,Semiurban,0,0,Y,1
LP001637,Male,0,Yes,1,1,1,Graduate,1,No,0,33846,0,260,360,1,Semiurban,0,0,N,0
LP001639,Female,1,Yes,1,0,0,Graduate,1,No,0,3625,0,108,360,1,Semiurban,0,0,Y,1
LP001640,Male,0,Yes,1,0,0,Graduate,1,Yes,1,39147,4750,120,360,1,Semiurban,0,0,Y,1
LP001641,Male,0,Yes,1,1,1,Graduate,1,Yes,1,2178,0,66,300,0,Rural,0,1,N,0
LP001643,Male,0,Yes,1,0,0,Graduate,1,No,0,2383,2138,58,360,,Rural,0,1,Y,1
LP001644,Male,0,Yes,1,0,0,Graduate,1,Yes,1,674,5296,168,360,1,Rural,0,1,Y,1
LP001647,Male,0,Yes,1,0,0,Graduate,1,No,0,9328,0,188,180,1,Rural,0,1,Y,1
LP001653,Male,0,No,0,0,0,Not Graduate,0,No,0,4885,0,48,360,1,Rural,0,1,Y,1
LP001656,Male,0,No,0,0,0,Graduate,1,No,0,12000,0,164,360,1,Semiurban,0,0,N,0
LP001657,Male,0,Yes,1,0,0,Not Graduate,0,No,0,6033,0,160,360,1,Urban,1,0,N,0
LP001658,Male,0,No,0,0,0,Graduate,1,No,0,3858,0,76,360,1,Semiurban,0,0,Y,1
LP001664,Male,0,No,0,0,0,Graduate,1,No,0,4191,0,120,360,1,Rural,0,1,Y,1
LP001665,Male,0,Yes,1,1,1,Graduate,1,No,0,3125,2583,170,360,1,Semiurban,0,0,N,0
LP001666,Male,0,No,0,0,0,Graduate,1,No,0,8333,3750,187,360,1,Rural,0,1,Y,1
LP001669,Female,1,No,0,0,0,Not Graduate,0,No,0,1907,2365,120,,1,Urban,1,0,Y,1
LP001671,Female,1,Yes,1,0,0,Graduate,1,No,0,3416,2816,113,360,,Semiurban,0,0,Y,1
LP001673,Male,0,No,0,0,0,Graduate,1,Yes,1,11000,0,83,360,1,Urban,1,0,N,0
LP001674,Male,0,Yes,1,1,1,Not Graduate,0,No,0,2600,2500,90,360,1,Semiurban,0,0,Y,1
LP001677,Male,0,No,0,2,1,Graduate,1,No,0,4923,0,166,360,0,Semiurban,0,0,Y,1
LP001682,Male,0,Yes,1,3+,1,Not Graduate,0,No,0,3992,0,,180,1,Urban,1,0,N,0
LP001688,Male,0,Yes,1,1,1,Not Graduate,0,No,0,3500,1083,135,360,1,Urban,1,0,Y,1
LP001691,Male,0,Yes,1,2,1,Not Graduate,0,No,0,3917,0,124,360,1,Semiurban,0,0,Y,1
LP001692,Female,1,No,0,0,0,Not Graduate,0,No,0,4408,0,120,360,1,Semiurban,0,0,Y,1
LP001693,Female,1,No,0,0,0,Graduate,1,No,0,3244,0,80,360,1,Urban,1,0,Y,1
LP001698,Male,0,No,0,0,0,Not Graduate,0,No,0,3975,2531,55,360,1,Rural,0,1,Y,1
LP001699,Male,0,No,0,0,0,Graduate,1,No,0,2479,0,59,360,1,Urban,1,0,Y,1
LP001702,Male,0,No,0,0,0,Graduate,1,No,0,3418,0,127,360,1,Semiurban,0,0,N,0
LP001708,Female,1,No,0,0,0,Graduate,1,No,0,10000,0,214,360,1,Semiurban,0,0,N,0
LP001711,Male,0,Yes,1,3+,1,Graduate,1,No,0,3430,1250,128,360,0,Semiurban,0,0,N,0
LP001713,Male,0,Yes,1,1,1,Graduate,1,Yes,1,7787,0,240,360,1,Urban,1,0,Y,1
LP001715,Male,0,Yes,1,3+,1,Not Graduate,0,Yes,1,5703,0,130,360,1,Rural,0,1,Y,1
LP001716,Male,0,Yes,1,0,0,Graduate,1,No,0,3173,3021,137,360,1,Urban,1,0,Y,1
LP001720,Male,0,Yes,1,3+,1,Not Graduate,0,No,0,3850,983,100,360,1,Semiurban,0,0,Y,1
LP001722,Male,0,Yes,1,0,0,Graduate,1,No,0,150,1800,135,360,1,Rural,0,1,N,0
LP001726,Male,0,Yes,1,0,0,Graduate,1,No,0,3727,1775,131,360,1,Semiurban,0,0,Y,1
LP001732,Male,0,Yes,1,2,1,Graduate,1,No,0,5000,0,72,360,0,Semiurban,0,0,N,0
LP001734,Female,1,Yes,1,2,1,Graduate,1,No,0,4283,2383,127,360,,Semiurban,0,0,Y,1
LP001736,Male,0,Yes,1,0,0,Graduate,1,No,0,2221,0,60,360,0,Urban,1,0,N,0
LP001743,Male,0,Yes,1,2,1,Graduate,1,No,0,4009,1717,116,360,1,Semiurban,0,0,Y,1
LP001744,Male,0,No,0,0,0,Graduate,1,No,0,2971,2791,144,360,1,Semiurban,0,0,Y,1
LP001749,Male,0,Yes,1,0,0,Graduate,1,No,0,7578,1010,175,,1,Semiurban,0,0,Y,1
LP001750,Male,0,Yes,1,0,0,Graduate,1,No,0,6250,0,128,360,1,Semiurban,0,0,Y,1
LP001751,Male,0,Yes,1,0,0,Graduate,1,No,0,3250,0,170,360,1,Rural,0,1,N,0
LP001754,Male,0,Yes,1,2,1,Not Graduate,0,Yes,1,4735,0,138,360,1,Urban,1,0,N,0
LP001758,Male,0,Yes,1,2,1,Graduate,1,No,0,6250,1695,210,360,1,Semiurban,0,0,Y,1
LP001760,Male,0,Yes,1,1,1,Graduate,1,No,0,4758,0,158,480,1,Semiurban,0,0,Y,1
LP001761,Male,0,No,0,0,0,Graduate,1,Yes,1,6400,0,200,360,1,Rural,0,1,Y,1
LP001765,Male,0,Yes,1,1,1,Graduate,1,No,0,2491,2054,104,360,1,Semiurban,0,0,Y,1
LP001768,Male,0,Yes,1,0,0,Graduate,1,Yes,0,3716,0,42,180,1,Rural,0,1,Y,1
LP001770,Male,0,No,0,0,0,Not Graduate,0,No,0,3189,2598,120,,1,Rural,0,1,Y,1
LP001776,Female,1,No,0,0,0,Graduate,1,No,0,8333,0,280,360,1,Semiurban,0,0,Y,1
LP001778,Male,0,Yes,1,1,1,Graduate,1,No,0,3155,1779,140,360,1,Semiurban,0,0,Y,1
LP001784,Male,0,Yes,1,1,1,Graduate,1,No,0,5500,1260,170,360,1,Rural,0,1,Y,1
LP001786,Male,0,Yes,1,0,0,Graduate,1,No,0,5746,0,255,360,,Urban,1,0,N,0
LP001788,Female,1,No,0,0,0,Graduate,1,Yes,1,3463,0,122,360,,Urban,1,0,Y,1
LP001790,Female,1,No,0,1,1,Graduate,1,No,0,3812,0,112,360,1,Rural,0,1,Y,1
LP001792,Male,0,Yes,1,1,1,Graduate,1,No,0,3315,0,96,360,1,Semiurban,0,0,Y,1
LP001798,Male,0,Yes,1,2,1,Graduate,1,No,0,5819,5000,120,360,1,Rural,0,1,Y,1
LP001800,Male,0,Yes,1,1,1,Not Graduate,0,No,0,2510,1983,140,180,1,Urban,1,0,N,0
LP001806,Male,0,No,0,0,0,Graduate,1,No,0,2965,5701,155,60,1,Urban,1,0,Y,1
LP001807,Male,0,Yes,1,2,1,Graduate,1,Yes,1,6250,1300,108,360,1,Rural,0,1,Y,1
LP001811,Male,0,Yes,1,0,0,Not Graduate,0,No,0,3406,4417,123,360,1,Semiurban,0,0,Y,1
LP001813,Male,0,No,0,0,0,Graduate,1,Yes,1,6050,4333,120,180,1,Urban,1,0,N,0
LP001814,Male,0,Yes,1,2,1,Graduate,1,No,0,9703,0,112,360,1,Urban,1,0,Y,1
LP001819,Male,0,Yes,1,1,1,Not Graduate,0,No,0,6608,0,137,180,1,Urban,1,0,Y,1
LP001824,Male,0,Yes,1,1,1,Graduate,1,No,0,2882,1843,123,480,1,Semiurban,0,0,Y,1
LP001825,Male,0,Yes,1,0,0,Graduate,1,No,0,1809,1868,90,360,1,Urban,1,0,Y,1
LP001835,Male,0,Yes,1,0,0,Not Graduate,0,No,0,1668,3890,201,360,0,Semiurban,0,0,N,0
LP001836,Female,1,No,0,2,1,Graduate,1,No,0,3427,0,138,360,1,Urban,1,0,N,0
LP001841,Male,0,No,0,0,0,Not Graduate,0,Yes,1,2583,2167,104,360,1,Rural,0,1,Y,1
LP001843,Male,0,Yes,1,1,1,Not Graduate,0,No,0,2661,7101,279,180,1,Semiurban,0,0,Y,1
LP001844,Male,0,No,0,0,0,Graduate,1,Yes,1,16250,0,192,360,0,Urban,1,0,N,0
LP001846,Female,1,No,0,3+,1,Graduate,1,No,0,3083,0,255,360,1,Rural,0,1,Y,1
LP001849,Male,0,No,0,0,0,Not Graduate,0,No,0,6045,0,115,360,0,Rural,0,1,N,0
LP001854,Male,0,Yes,1,3+,1,Graduate,1,No,0,5250,0,94,360,1,Urban,1,0,N,0
LP001859,Male,0,Yes,1,0,0,Graduate,1,No,0,14683,2100,304,360,1,Rural,0,1,N,0
LP001864,Male,0,Yes,1,3+,1,Not Graduate,0,No,0,4931,0,128,360,,Semiurban,0,0,N,0
LP001865,Male,0,Yes,1,1,1,Graduate,1,No,0,6083,4250,330,360,,Urban,1,0,Y,1
LP001868,Male,0,No,0,0,0,Graduate,1,No,0,2060,2209,134,360,1,Semiurban,0,0,Y,1
LP001870,Female,1,No,0,1,1,Graduate,1,No,0,3481,0,155,36,1,Semiurban,0,0,N,0
LP001871,Female,1,No,0,0,0,Graduate,1,No,0,7200,0,120,360,1,Rural,0,1,Y,1
LP001872,Male,0,No,0,0,0,Graduate,1,Yes,1,5166,0,128,360,1,Semiurban,0,0,Y,1
LP001875,Male,0,No,0,0,0,Graduate,1,No,0,4095,3447,151,360,1,Rural,0,1,Y,1
LP001877,Male,0,Yes,1,2,1,Graduate,1,No,0,4708,1387,150,360,1,Semiurban,0,0,Y,1
LP001882,Male,0,Yes,1,3+,1,Graduate,1,No,0,4333,1811,160,360,0,Urban,1,0,Y,1
LP001883,Female,1,No,0,0,0,Graduate,1,Yes,0,3418,0,135,360,1,Rural,0,1,N,0
LP001884,Female,1,No,0,1,1,Graduate,1,No,0,2876,1560,90,360,1,Urban,1,0,Y,1
LP001888,Female,1,No,0,0,0,Graduate,1,No,0,3237,0,30,360,1,Urban,1,0,Y,1
LP001891,Male,0,Yes,1,0,0,Graduate,1,No,0,11146,0,136,360,1,Urban,1,0,Y,1
LP001892,Male,0,No,0,0,0,Graduate,1,No,0,2833,1857,126,360,1,Rural,0,1,Y,1
LP001894,Male,0,Yes,1,0,0,Graduate,1,No,0,2620,2223,150,360,1,Semiurban,0,0,Y,1
LP001896,Male,0,Yes,1,2,1,Graduate,1,No,0,3900,0,90,360,1,Semiurban,0,0,Y,1
LP001900,Male,0,Yes,1,1,1,Graduate,1,No,0,2750,1842,115,360,1,Semiurban,0,0,Y,1
LP001903,Male,0,Yes,1,0,0,Graduate,1,No,0,3993,3274,207,360,1,Semiurban,0,0,Y,1
LP001904,Male,0,Yes,1,0,0,Graduate,1,No,0,3103,1300,80,360,1,Urban,1,0,Y,1
LP001907,Male,0,Yes,1,0,0,Graduate,1,No,0,14583,0,436,360,1,Semiurban,0,0,Y,1
LP001908,Female,1,Yes,1,0,0,Not Graduate,0,No,0,4100,0,124,360,,Rural,0,1,Y,1
LP001910,Male,0,No,0,1,1,Not Graduate,0,Yes,1,4053,2426,158,360,0,Urban,1,0,N,0
LP001914,Male,0,Yes,1,0,0,Graduate,1,No,0,3927,800,112,360,1,Semiurban,0,0,Y,1
LP001915,Male,0,Yes,1,2,1,Graduate,1,No,0,2301,985.7999878,78,180,1,Urban,1,0,Y,1
LP001917,Female,1,No,0,0,0,Graduate,1,No,0,1811,1666,54,360,1,Urban,1,0,Y,1
LP001922,Male,0,Yes,1,0,0,Graduate,1,No,0,20667,0,,360,1,Rural,0,1,N,0
LP001924,Male,0,No,0,0,0,Graduate,1,No,0,3158,3053,89,360,1,Rural,0,1,Y,1
LP001925,Female,1,No,0,0,0,Graduate,1,Yes,1,2600,1717,99,300,1,Semiurban,0,0,N,0
LP001926,Male,0,Yes,1,0,0,Graduate,1,No,0,3704,2000,120,360,1,Rural,0,1,Y,1
LP001931,Female,1,No,0,0,0,Graduate,1,No,0,4124,0,115,360,1,Semiurban,0,0,Y,1
LP001935,Male,0,No,0,0,0,Graduate,1,No,0,9508,0,187,360,1,Rural,0,1,Y,1
LP001936,Male,0,Yes,1,0,0,Graduate,1,No,0,3075,2416,139,360,1,Rural,0,1,Y,1
LP001938,Male,0,Yes,1,2,1,Graduate,1,No,0,4400,0,127,360,0,Semiurban,0,0,N,0
LP001940,Male,0,Yes,1,2,1,Graduate,1,No,0,3153,1560,134,360,1,Urban,1,0,Y,1
LP001945,Female,1,No,0,0,0,Graduate,1,No,0,5417,0,143,480,0,Urban,1,0,N,0
LP001947,Male,0,Yes,1,0,0,Graduate,1,No,0,2383,3334,172,360,1,Semiurban,0,0,Y,1
LP001949,Male,0,Yes,1,3+,1,Graduate,1,No,0,4416,1250,110,360,1,Urban,1,0,Y,1
LP001953,Male,0,Yes,1,1,1,Graduate,1,No,0,6875,0,200,360,1,Semiurban,0,0,Y,1
LP001954,Female,1,Yes,1,1,1,Graduate,1,No,0,4666,0,135,360,1,Urban,1,0,Y,1
LP001955,Female,1,No,0,0,0,Graduate,1,No,0,5000,2541,151,480,1,Rural,0,1,N,0
LP001963,Male,0,Yes,1,1,1,Graduate,1,No,0,2014,2925,113,360,1,Urban,1,0,N,0
LP001964,Male,0,Yes,1,0,0,Not Graduate,0,No,0,1800,2934,93,360,0,Urban,1,0,N,0
LP001972,Male,0,Yes,1,2,1,Not Graduate,0,No,0,2875,1750,105,360,1,Semiurban,0,0,Y,1
LP001974,Female,1,No,0,0,0,Graduate,1,No,0,5000,0,132,360,1,Rural,0,1,Y,1
LP001977,Male,0,Yes,1,1,1,Graduate,1,No,0,1625,1803,96,360,1,Urban,1,0,Y,1
LP001978,Male,0,No,0,0,0,Graduate,1,No,0,4000,2500,140,360,1,Rural,0,1,Y,1
LP001990,Male,0,No,0,0,0,Not Graduate,0,No,0,2000,0,,360,1,Urban,1,0,N,0
LP001993,Female,1,No,0,0,0,Graduate,1,No,0,3762,1666,135,360,1,Rural,0,1,Y,1
LP001994,Female,1,No,0,0,0,Graduate,1,No,0,2400,1863,104,360,0,Urban,1,0,N,0
LP001996,Male,0,No,0,0,0,Graduate,1,No,0,20233,0,480,360,1,Rural,0,1,N,0
LP001998,Male,0,Yes,1,2,1,Not Graduate,0,No,0,7667,0,185,360,,Rural,0,1,Y,1
LP002002,Female,1,No,0,0,0,Graduate,1,No,0,2917,0,84,360,1,Semiurban,0,0,Y,1
LP002004,Male,0,No,0,0,0,Not Graduate,0,No,0,2927,2405,111,360,1,Semiurban,0,0,Y,1
LP002006,Female,1,No,0,0,0,Graduate,1,No,0,2507,0,56,360,1,Rural,0,1,Y,1
LP002008,Male,0,Yes,1,2,1,Graduate,1,Yes,1,5746,0,144,84,,Rural,0,1,Y,1
LP002024,Female,1,Yes,1,0,0,Graduate,1,No,0,2473,1843,159,360,1,Rural,0,1,N,0
LP002031,Male,0,Yes,1,1,1,Not Graduate,0,No,0,3399,1640,111,180,1,Urban,1,0,Y,1
LP002035,Male,0,Yes,1,2,1,Graduate,1,No,0,3717,0,120,360,1,Semiurban,0,0,Y,1
LP002036,Male,0,Yes,1,0,0,Graduate,1,No,0,2058,2134,88,360,,Urban,1,0,Y,1
LP002043,Female,1,No,0,1,1,Graduate,1,No,0,3541,0,112,360,,Semiurban,0,0,Y,1
LP002050,Male,0,Yes,1,1,1,Graduate,1,Yes,1,10000,0,155,360,1,Rural,0,1,N,0
LP002051,Male,0,Yes,1,0,0,Graduate,1,No,0,2400,2167,115,360,1,Semiurban,0,0,Y,1
LP002053,Male,0,Yes,1,3+,1,Graduate,1,No,0,4342,189,124,360,1,Semiurban,0,0,Y,1
LP002054,Male,0,Yes,1,2,1,Not Graduate,0,No,0,3601,1590,,360,1,Rural,0,1,Y,1
LP002055,Female,1,No,0,0,0,Graduate,1,No,0,3166,2985,132,360,,Rural,0,1,Y,1
LP002065,Male,0,Yes,1,3+,1,Graduate,1,No,0,15000,0,300,360,1,Rural,0,1,Y,1
LP002067,Male,0,Yes,1,1,1,Graduate,1,Yes,1,8666,4983,376,360,0,Rural,0,1,N,0
LP002068,Male,0,No,0,0,0,Graduate,1,No,0,4917,0,130,360,0,Rural,0,1,Y,1
LP002082,Male,0,Yes,1,0,0,Graduate,1,Yes,1,5818,2160,184,360,1,Semiurban,0,0,Y,1
LP002086,Female,1,Yes,1,0,0,Graduate,1,No,0,4333,2451,110,360,1,Urban,1,0,N,0
LP002087,Female,1,No,0,0,0,Graduate,1,No,0,2500,0,67,360,1,Urban,1,0,Y,1
LP002097,Male,0,No,0,1,1,Graduate,1,No,0,4384,1793,117,360,1,Urban,1,0,Y,1
LP002098,Male,0,No,0,0,0,Graduate,1,No,0,2935,0,98,360,1,Semiurban,0,0,Y,1
LP002100,Male,0,No,0,0,0,Graduate,1,No,0,2833,0,71,360,1,Urban,1,0,Y,1
LP002101,Male,0,Yes,1,0,0,Graduate,1,Yes,0,63337,0,490,180,1,Urban,1,0,Y,1
LP002103,Male,0,Yes,1,1,1,Graduate,1,Yes,1,9833,1833,182,180,1,Urban,1,0,Y,1
LP002106,Male,0,Yes,1,1,1,Graduate,1,Yes,1,5503,4490,70,,1,Semiurban,0,0,Y,1
LP002110,Male,0,Yes,1,1,1,Graduate,1,No,0,5250,688,160,360,1,Rural,0,1,Y,1
LP002112,Male,0,Yes,1,2,1,Graduate,1,Yes,1,2500,4600,176,360,1,Rural,0,1,Y,1
LP002113,Female,1,No,0,3+,1,Not Graduate,0,No,0,1830,0,,360,0,Urban,1,0,N,0
LP002114,Female,1,No,0,0,0,Graduate,1,No,0,4160,0,71,360,1,Semiurban,0,0,Y,1
LP002115,Male,0,Yes,1,3+,1,Not Graduate,0,No,0,2647,1587,173,360,1,Rural,0,1,N,0
LP002116,Female,1,No,0,0,0,Graduate,1,No,0,2378,0,46,360,1,Rural,0,1,N,0
LP002119,Male,0,Yes,1,1,1,Not Graduate,0,No,0,4554,1229,158,360,1,Urban,1,0,Y,1
LP002126,Male,0,Yes,1,3+,1,Not Graduate,0,No,0,3173,0,74,360,1,Semiurban,0,0,Y,1
LP002128,Male,0,Yes,1,2,1,Graduate,1,Yes,0,2583,2330,125,360,1,Rural,0,1,Y,1
LP002129,Male,0,Yes,1,0,0,Graduate,1,No,0,2499,2458,160,360,1,Semiurban,0,0,Y,1
LP002130,Male,0,Yes,1,2,1,Not Graduate,0,No,0,3523,3230,152,360,0,Rural,0,1,N,0
LP002131,Male,0,Yes,1,2,1,Not Graduate,0,No,0,3083,2168,126,360,1,Urban,1,0,Y,1
LP002137,Male,0,Yes,1,0,0,Graduate,1,No,0,6333,4583,259,360,,Semiurban,0,0,Y,1
LP002138,Male,0,Yes,1,0,0,Graduate,1,No,0,2625,6250,187,360,1,Rural,0,1,Y,1
LP002139,Male,0,Yes,1,0,0,Graduate,1,No,0,9083,0,228,360,1,Semiurban,0,0,Y,1
LP002140,Male,0,No,0,0,0,Graduate,1,No,0,8750,4167,308,360,1,Rural,0,1,N,0
LP002141,Male,0,Yes,1,3+,1,Graduate,1,No,0,2666,2083,95,360,1,Rural,0,1,Y,1
LP002142,Female,1,Yes,1,0,0,Graduate,1,Yes,1,5500,0,105,360,0,Rural,0,1,N,0
LP002143,Female,1,Yes,1,0,0,Graduate,1,No,0,2423,505,130,360,1,Semiurban,0,0,Y,1
LP002144,Female,1,No,0,0,0,Graduate,1,No,0,3813,0,116,180,1,Urban,1,0,Y,1
LP002149,Male,0,Yes,1,2,1,Graduate,1,No,0,8333,3167,165,360,1,Rural,0,1,Y,1
LP002151,Male,0,Yes,1,1,1,Graduate,1,No,0,3875,0,67,360,1,Urban,1,0,N,0
LP002158,Male,0,Yes,1,0,0,Not Graduate,0,No,0,3000,1666,100,480,0,Urban,1,0,N,0
LP002160,Male,0,Yes,1,3+,1,Graduate,1,No,0,5167,3167,200,360,1,Semiurban,0,0,Y,1
LP002161,Female,1,No,0,1,1,Graduate,1,No,0,4723,0,81,360,1,Semiurban,0,0,N,0
LP002170,Male,0,Yes,1,2,1,Graduate,1,No,0,5000,3667,236,360,1,Semiurban,0,0,Y,1
LP002175,Male,0,Yes,1,0,0,Graduate,1,No,0,4750,2333,130,360,1,Urban,1,0,Y,1
LP002178,Male,0,Yes,1,0,0,Graduate,1,No,0,3013,3033,95,300,,Urban,1,0,Y,1
LP002180,Male,0,No,0,0,0,Graduate,1,Yes,1,6822,0,141,360,1,Rural,0,1,Y,1
LP002181,Male,0,No,0,0,0,Not Graduate,0,No,0,6216,0,133,360,1,Rural,0,1,N,0
LP002187,Male,0,No,0,0,0,Graduate,1,No,0,2500,0,96,480,1,Semiurban,0,0,N,0
LP002188,Male,0,No,0,0,0,Graduate,1,No,0,5124,0,124,,0,Rural,0,1,N,0
LP002190,Male,0,Yes,1,1,1,Graduate,1,No,0,6325,0,175,360,1,Semiurban,0,0,Y,1
LP002191,Male,0,Yes,1,0,0,Graduate,1,No,0,19730,5266,570,360,1,Rural,0,1,N,0
LP002194,Female,1,No,0,0,0,Graduate,1,Yes,1,15759,0,55,360,1,Semiurban,0,0,Y,1
LP002197,Male,0,Yes,1,2,1,Graduate,1,No,0,5185,0,155,360,1,Semiurban,0,0,Y,1
LP002201,Male,0,Yes,1,2,1,Graduate,1,Yes,1,9323,7873,380,300,1,Rural,0,1,Y,1
LP002205,Male,0,No,0,1,1,Graduate,1,No,0,3062,1987,111,180,0,Urban,1,0,N,0
LP002209,Female,1,No,0,0,0,Graduate,1,No,0,2764,1459,110,360,1,Urban,1,0,Y,1
LP002211,Male,0,Yes,1,0,0,Graduate,1,No,0,4817,923,120,180,1,Urban,1,0,Y,1
LP002219,Male,0,Yes,1,3+,1,Graduate,1,No,0,8750,4996,130,360,1,Rural,0,1,Y,1
LP002223,Male,0,Yes,1,0,0,Graduate,1,No,0,4310,0,130,360,,Semiurban,0,0,Y,1
LP002224,Male,0,No,0,0,0,Graduate,1,No,0,3069,0,71,480,1,Urban,1,0,N,0
LP002225,Male,0,Yes,1,2,1,Graduate,1,No,0,5391,0,130,360,1,Urban,1,0,Y,1
LP002226,Male,0,Yes,1,0,0,Graduate,1,Yes,0,3333,2500,128,360,1,Semiurban,0,0,Y,1
LP002229,Male,0,No,0,0,0,Graduate,1,No,0,5941,4232,296,360,1,Semiurban,0,0,Y,1
LP002231,Female,1,No,0,0,0,Graduate,1,No,0,6000,0,156,360,1,Urban,1,0,Y,1
LP002234,Male,0,No,0,0,0,Graduate,1,Yes,1,7167,0,128,360,1,Urban,1,0,Y,1
LP002236,Male,0,Yes,1,2,1,Graduate,1,No,0,4566,0,100,360,1,Urban,1,0,N,0
LP002237,Male,0,No,0,1,1,Graduate,1,No,0,3667,0,113,180,1,Urban,1,0,Y,1
LP002239,Male,0,No,0,0,0,Not Graduate,0,No,0,2346,1600,132,360,1,Semiurban,0,0,Y,1
LP002243,Male,0,Yes,1,0,0,Not Graduate,0,No,0,3010,3136,,360,0,Urban,1,0,N,0
LP002244,Male,0,Yes,1,0,0,Graduate,1,No,0,2333,2417,136,360,1,Urban,1,0,Y,1
LP002250,Male,0,Yes,1,0,0,Graduate,1,No,0,5488,0,125,360,1,Rural,0,1,Y,1
LP002255,Male,0,No,0,3+,1,Graduate,1,No,0,9167,0,185,360,1,Rural,0,1,Y,1
LP002262,Male,0,Yes,1,3+,1,Graduate,1,No,0,9504,0,275,360,1,Rural,0,1,Y,1
LP002263,Male,0,Yes,1,0,0,Graduate,1,No,0,2583,2115,120,360,,Urban,1,0,Y,1
LP002265,Male,0,Yes,1,2,1,Not Graduate,0,No,0,1993,1625,113,180,1,Semiurban,0,0,Y,1
LP002266,Male,0,Yes,1,2,1,Graduate,1,No,0,3100,1400,113,360,1,Urban,1,0,Y,1
LP002272,Male,0,Yes,1,2,1,Graduate,1,No,0,3276,484,135,360,,Semiurban,0,0,Y,1
LP002277,Female,1,No,0,0,0,Graduate,1,No,0,3180,0,71,360,0,Urban,1,0,N,0
LP002281,Male,0,Yes,1,0,0,Graduate,1,No,0,3033,1459,95,360,1,Urban,1,0,Y,1
LP002284,Male,0,No,0,0,0,Not Graduate,0,No,0,3902,1666,109,360,1,Rural,0,1,Y,1
LP002287,Female,1,No,0,0,0,Graduate,1,No,0,1500,1800,103,360,0,Semiurban,0,0,N,0
LP002288,Male,0,Yes,1,2,1,Not Graduate,0,No,0,2889,0,45,180,0,Urban,1,0,N,0
LP002296,Male,0,No,0,0,0,Not Graduate,0,No,0,2755,0,65,300,1,Rural,0,1,N,0
LP002297,Male,0,No,0,0,0,Graduate,1,No,0,2500,20000,103,360,1,Semiurban,0,0,Y,1
LP002300,Female,1,No,0,0,0,Not Graduate,0,No,0,1963,0,53,360,1,Semiurban,0,0,Y,1
LP002301,Female,1,No,0,0,0,Graduate,1,Yes,1,7441,0,194,360,1,Rural,0,1,N,0
LP002305,Female,1,No,0,0,0,Graduate,1,No,0,4547,0,115,360,1,Semiurban,0,0,Y,1
LP002308,Male,0,Yes,1,0,0,Not Graduate,0,No,0,2167,2400,115,360,1,Urban,1,0,Y,1
LP002314,Female,1,No,0,0,0,Not Graduate,0,No,0,2213,0,66,360,1,Rural,0,1,Y,1
LP002315,Male,0,Yes,1,1,1,Graduate,1,No,0,8300,0,152,300,0,Semiurban,0,0,N,0
LP002317,Male,0,Yes,1,3+,1,Graduate,1,No,0,81000,0,360,360,0,Rural,0,1,N,0
LP002318,Female,1,No,0,1,1,Not Graduate,0,Yes,1,3867,0,62,360,1,Semiurban,0,0,N,0
LP002319,Male,0,Yes,1,0,0,Graduate,1,Yes,0,6256,0,160,360,,Urban,1,0,Y,1
LP002328,Male,0,Yes,1,0,0,Not Graduate,0,No,0,6096,0,218,360,0,Rural,0,1,N,0
LP002332,Male,0,Yes,1,0,0,Not Graduate,0,No,0,2253,2033,110,360,1,Rural,0,1,Y,1
LP002335,Female,1,Yes,1,0,0,Not Graduate,0,No,0,2149,3237,178,360,0,Semiurban,0,0,N,0
LP002337,Female,1,No,0,0,0,Graduate,1,No,0,2995,0,60,360,1,Urban,1,0,Y,1
LP002341,Female,1,No,0,1,1,Graduate,1,No,0,2600,0,160,360,1,Urban,1,0,N,0
LP002342,Male,0,Yes,1,2,1,Graduate,1,Yes,1,1600,20000,239,360,1,Urban,1,0,N,0
LP002345,Male,0,Yes,1,0,0,Graduate,1,No,0,1025,2773,112,360,1,Rural,0,1,Y,1
LP002347,Male,0,Yes,1,0,0,Graduate,1,No,0,3246,1417,138,360,1,Semiurban,0,0,Y,1
LP002348,Male,0,Yes,1,0,0,Graduate,1,No,0,5829,0,138,360,1,Rural,0,1,Y,1
LP002357,Female,1,No,0,0,0,Not Graduate,0,No,0,2720,0,80,,0,Urban,1,0,N,0
LP002361,Male,0,Yes,1,0,0,Graduate,1,No,0,1820,1719,100,360,1,Urban,1,0,Y,1
LP002362,Male,0,Yes,1,1,1,Graduate,1,No,0,7250,1667,110,,0,Urban,1,0,N,0
LP002364,Male,0,Yes,1,0,0,Graduate,1,No,0,14880,0,96,360,1,Semiurban,0,0,Y,1
LP002366,Male,0,Yes,1,0,0,Graduate,1,No,0,2666,4300,121,360,1,Rural,0,1,Y,1
LP002367,Female,1,No,0,1,1,Not Graduate,0,No,0,4606,0,81,360,1,Rural,0,1,N,0
LP002368,Male,0,Yes,1,2,1,Graduate,1,No,0,5935,0,133,360,1,Semiurban,0,0,Y,1
LP002369,Male,0,Yes,1,0,0,Graduate,1,No,0,2920,16.12000084,87,360,1,Rural,0,1,Y,1
LP002370,Male,0,No,0,0,0,Not Graduate,0,No,0,2717,0,60,180,1,Urban,1,0,Y,1
LP002377,Female,1,No,0,1,1,Graduate,1,Yes,1,8624,0,150,360,1,Semiurban,0,0,Y,1
LP002379,Male,0,No,0,0,0,Graduate,1,No,0,6500,0,105,360,0,Rural,0,1,N,0
LP002386,Male,0,No,0,0,0,Graduate,1,No,0,12876,0,405,360,1,Semiurban,0,0,Y,1
LP002387,Male,0,Yes,1,0,0,Graduate,1,No,0,2425,2340,143,360,1,Semiurban,0,0,Y,1
LP002390,Male,0,No,0,0,0,Graduate,1,No,0,3750,0,100,360,1,Urban,1,0,Y,1
LP002393,Female,1,Yes,1,1,1,Graduate,1,No,0,10047,0,,240,1,Semiurban,0,0,Y,1
LP002398,Male,0,No,0,0,0,Graduate,1,No,0,1926,1851,50,360,1,Semiurban,0,0,Y,1
LP002401,Male,0,Yes,1,0,0,Graduate,1,No,0,2213,1125,,360,1,Urban,1,0,Y,1
LP002403,Male,0,No,0,0,0,Graduate,1,Yes,1,10416,0,187,360,0,Urban,1,0,N,0
LP002407,Female,1,Yes,1,0,0,Not Graduate,0,Yes,1,7142,0,138,360,1,Rural,0,1,Y,1
LP002408,Male,0,No,0,0,0,Graduate,1,No,0,3660,5064,187,360,1,Semiurban,0,0,Y,1
LP002409,Male,0,Yes,1,0,0,Graduate,1,No,0,7901,1833,180,360,1,Rural,0,1,Y,1
LP002418,Male,0,No,0,3+,1,Not Graduate,0,No,0,4707,1993,148,360,1,Semiurban,0,0,Y,1
LP002422,Male,0,No,0,1,1,Graduate,1,No,0,37719,0,152,360,1,Semiurban,0,0,Y,1
LP002424,Male,0,Yes,1,0,0,Graduate,1,No,0,7333,8333,175,300,,Rural,0,1,Y,1
LP002429,Male,0,Yes,1,1,1,Graduate,1,Yes,1,3466,1210,130,360,1,Rural,0,1,Y,1
LP002434,Male,0,Yes,1,2,1,Not Graduate,0,No,0,4652,0,110,360,1,Rural,0,1,Y,1
LP002435,Male,0,Yes,1,0,0,Graduate,1,Yes,0,3539,1376,55,360,1,Rural,0,1,N,0
LP002443,Male,0,Yes,1,2,1,Graduate,1,No,0,3340,1710,150,360,0,Rural,0,1,N,0
LP002444,Male,0,No,0,1,1,Not Graduate,0,Yes,1,2769,1542,190,360,,Semiurban,0,0,N,0
LP002446,Male,0,Yes,1,2,1,Not Graduate,0,No,0,2309,1255,125,360,0,Rural,0,1,N,0
LP002447,Male,0,Yes,1,2,1,Not Graduate,0,No,0,1958,1456,60,300,,Urban,1,0,Y,1
LP002448,Male,0,Yes,1,0,0,Graduate,1,No,0,3948,1733,149,360,0,Rural,0,1,N,0
LP002449,Male,0,Yes,1,0,0,Graduate,1,No,0,2483,2466,90,180,0,Rural,0,1,Y,1
LP002453,Male,0,No,0,0,0,Graduate,1,Yes,1,7085,0,84,360,1,Semiurban,0,0,Y,1
LP002455,Male,0,Yes,1,2,1,Graduate,1,No,0,3859,0,96,360,1,Semiurban,0,0,Y,1
LP002459,Male,0,Yes,1,0,0,Graduate,1,No,0,4301,0,118,360,1,Urban,1,0,Y,1
LP002467,Male,0,Yes,1,0,0,Graduate,1,No,0,3708,2569,173,360,1,Urban,1,0,N,0
LP002472,Male,0,No,0,2,1,Graduate,1,No,0,4354,0,136,360,1,Rural,0,1,Y,1
LP002473,Male,0,Yes,1,0,0,Graduate,1,No,0,8334,0,160,360,1,Semiurban,0,0,N,0
LP002478,Female,1,Yes,1,0,0,Graduate,1,Yes,1,2083,4083,160,360,,Semiurban,0,0,Y,1
LP002484,Male,0,Yes,1,3+,1,Graduate,1,No,0,7740,0,128,180,1,Urban,1,0,Y,1
LP002487,Male,0,Yes,1,0,0,Graduate,1,No,0,3015,2188,153,360,1,Rural,0,1,Y,1
LP002489,Female,1,No,0,1,1,Not Graduate,0,No,0,5191,0,132,360,1,Semiurban,0,0,Y,1
LP002493,Male,0,No,0,0,0,Graduate,1,No,0,4166,0,98,360,0,Semiurban,0,0,N,0
LP002494,Male,0,No,0,0,0,Graduate,1,No,0,6000,0,140,360,1,Rural,0,1,Y,1
LP002500,Male,0,Yes,1,3+,1,Not Graduate,0,No,0,2947,1664,70,180,0,Urban,1,0,N,0
LP002501,Male,0,Yes,1,0,0,Graduate,1,No,0,16692,0,110,360,1,Semiurban,0,0,Y,1
LP002502,Female,1,Yes,1,2,1,Not Graduate,0,Yes,0,210,2917,98,360,1,Semiurban,0,0,Y,1
LP002505,Male,0,Yes,1,0,0,Graduate,1,No,0,4333,2451,110,360,1,Urban,1,0,N,0
LP002515,Male,0,Yes,1,1,1,Graduate,1,Yes,1,3450,2079,162,360,1,Semiurban,0,0,Y,1
LP002517,Male,0,Yes,1,1,1,Not Graduate,0,No,0,2653,1500,113,180,0,Rural,0,1,N,0
LP002519,Male,0,Yes,1,3+,1,Graduate,1,No,0,4691,0,100,360,1,Semiurban,0,0,Y,1
LP002522,Female,1,No,0,0,0,Graduate,1,Yes,1,2500,0,93,360,,Urban,1,0,Y,1
LP002524,Male,0,No,0,2,1,Graduate,1,No,0,5532,4648,162,360,1,Rural,0,1,Y,1
LP002527,Male,0,Yes,1,2,1,Graduate,1,Yes,1,16525,1014,150,360,1,Rural,0,1,Y,1
LP002529,Male,0,Yes,1,2,1,Graduate,1,No,0,6700,1750,230,300,1,Semiurban,0,0,Y,1
LP002530,Female,1,Yes,1,2,1,Graduate,1,No,0,2873,1872,132,360,0,Semiurban,0,0,N,0
LP002531,Male,0,Yes,1,1,1,Graduate,1,Yes,1,16667,2250,86,360,1,Semiurban,0,0,Y,1
LP002533,Male,0,Yes,1,2,1,Graduate,1,No,0,2947,1603,,360,1,Urban,1,0,N,0
LP002534,Female,1,No,0,0,0,Not Graduate,0,No,0,4350,0,154,360,1,Rural,0,1,Y,1
LP002536,Male,0,Yes,1,3+,1,Not Graduate,0,No,0,3095,0,113,360,1,Rural,0,1,Y,1
LP002537,Male,0,Yes,1,0,0,Graduate,1,No,0,2083,3150,128,360,1,Semiurban,0,0,Y,1
LP002541,Male,0,Yes,1,0,0,Graduate,1,No,0,10833,0,234,360,1,Semiurban,0,0,Y,1
LP002543,Male,0,Yes,1,2,1,Graduate,1,No,0,8333,0,246,360,1,Semiurban,0,0,Y,1
LP002544,Male,0,Yes,1,1,1,Not Graduate,0,No,0,1958,2436,131,360,1,Rural,0,1,Y,1
LP002545,Male,0,No,0,2,1,Graduate,1,No,0,3547,0,80,360,0,Rural,0,1,N,0
LP002547,Male,0,Yes,1,1,1,Graduate,1,No,0,18333,0,500,360,1,Urban,1,0,N,0
LP002555,Male,0,Yes,1,2,1,Graduate,1,Yes,1,4583,2083,160,360,1,Semiurban,0,0,Y,1
LP002556,Male,0,No,0,0,0,Graduate,1,No,0,2435,0,75,360,1,Urban,1,0,N,0
LP002560,Male,0,No,0,0,0,Not Graduate,0,No,0,2699,2785,96,360,,Semiurban,0,0,Y,1
LP002562,Male,0,Yes,1,1,1,Not Graduate,0,No,0,5333,1131,186,360,,Urban,1,0,Y,1
LP002571,Male,0,No,0,0,0,Not Graduate,0,No,0,3691,0,110,360,1,Rural,0,1,Y,1
LP002582,Female,1,No,0,0,0,Not Graduate,0,Yes,1,17263,0,225,360,1,Semiurban,0,0,Y,1
LP002585,Male,0,Yes,1,0,0,Graduate,1,No,0,3597,2157,119,360,0,Rural,0,1,N,0
LP002586,Female,1,Yes,1,1,1,Graduate,1,No,0,3326,913,105,84,1,Semiurban,0,0,Y,1
LP002587,Male,0,Yes,1,0,0,Not Graduate,0,No,0,2600,1700,107,360,1,Rural,0,1,Y,1
LP002588,Male,0,Yes,1,0,0,Graduate,1,No,0,4625,2857,111,12,,Urban,1,0,Y,1
LP002600,Male,0,Yes,1,1,1,Graduate,1,Yes,1,2895,0,95,360,1,Semiurban,0,0,Y,1
LP002602,Male,0,No,0,0,0,Graduate,1,No,0,6283,4416,209,360,0,Rural,0,1,N,0
LP002603,Female,1,No,0,0,0,Graduate,1,No,0,645,3683,113,480,1,Rural,0,1,Y,1
LP002606,Female,1,No,0,0,0,Graduate,1,No,0,3159,0,100,360,1,Semiurban,0,0,Y,1
LP002615,Male,0,Yes,1,2,1,Graduate,1,No,0,4865,5624,208,360,1,Semiurban,0,0,Y,1
LP002618,Male,0,Yes,1,1,1,Not Graduate,0,No,0,4050,5302,138,360,,Rural,0,1,N,0
LP002619,Male,0,Yes,1,0,0,Not Graduate,0,No,0,3814,1483,124,300,1,Semiurban,0,0,Y,1
LP002622,Male,0,Yes,1,2,1,Graduate,1,No,0,3510,4416,243,360,1,Rural,0,1,Y,1
LP002624,Male,0,Yes,1,0,0,Graduate,1,No,0,20833,6667,480,360,,Urban,1,0,Y,1
LP002625,Male,0,No,0,0,0,Graduate,1,No,0,3583,0,96,360,1,Urban,1,0,N,0
LP002626,Male,0,Yes,1,0,0,Graduate,1,Yes,1,2479,3013,188,360,1,Urban,1,0,Y,1
LP002634,Female,1,No,0,1,1,Graduate,1,No,0,13262,0,40,360,1,Urban,1,0,Y,1
LP002637,Male,0,No,0,0,0,Not Graduate,0,No,0,3598,1287,100,360,1,Rural,0,1,N,0
LP002640,Male,0,Yes,1,1,1,Graduate,1,No,0,6065,2004,250,360,1,Semiurban,0,0,Y,1
LP002643,Male,0,Yes,1,2,1,Graduate,1,No,0,3283,2035,148,360,1,Urban,1,0,Y,1
LP002648,Male,0,Yes,1,0,0,Graduate,1,No,0,2130,6666,70,180,1,Semiurban,0,0,N,0
LP002652,Male,0,No,0,0,0,Graduate,1,No,0,5815,3666,311,360,1,Rural,0,1,N,0
LP002659,Male,0,Yes,1,3+,1,Graduate,1,No,0,3466,3428,150,360,1,Rural,0,1,Y,1
LP002670,Female,1,Yes,1,2,1,Graduate,1,No,0,2031,1632,113,480,1,Semiurban,0,0,Y,1
LP002682,Male,0,Yes,1,2,1,Not Graduate,0,No,0,3074,1800,123,360,0,Semiurban,0,0,N,0
LP002683,Male,0,No,0,0,0,Graduate,1,No,0,4683,1915,185,360,1,Semiurban,0,0,N,0
LP002684,Female,1,No,0,0,0,Not Graduate,0,No,0,3400,0,95,360,1,Rural,0,1,N,0
LP002689,Male,0,Yes,1,2,1,Not Graduate,0,No,0,2192,1742,45,360,1,Semiurban,0,0,Y,1
LP002690,Male,0,No,0,0,0,Graduate,1,No,0,2500,0,55,360,1,Semiurban,0,0,Y,1
LP002692,Male,0,Yes,1,3+,1,Graduate,1,Yes,1,5677,1424,100,360,1,Rural,0,1,Y,1
LP002693,Male,0,Yes,1,2,1,Graduate,1,Yes,1,7948,7166,480,360,1,Rural,0,1,Y,1
LP002697,Male,0,No,0,0,0,Graduate,1,No,0,4680,2087,,360,1,Semiurban,0,0,N,0
LP002699,Male,0,Yes,1,2,1,Graduate,1,Yes,1,17500,0,400,360,1,Rural,0,1,Y,1
LP002705,Male,0,Yes,1,0,0,Graduate,1,No,0,3775,0,110,360,1,Semiurban,0,0,Y,1
LP002706,Male,0,Yes,1,1,1,Not Graduate,0,No,0,5285,1430,161,360,0,Semiurban,0,0,Y,1
LP002714,Male,0,No,0,1,1,Not Graduate,0,No,0,2679,1302,94,360,1,Semiurban,0,0,Y,1
LP002716,Male,0,No,0,0,0,Not Graduate,0,No,0,6783,0,130,360,1,Semiurban,0,0,Y,1
LP002717,Male,0,Yes,1,0,0,Graduate,1,No,0,1025,5500,216,360,,Rural,0,1,Y,1
LP002720,Male,0,Yes,1,3+,1,Graduate,1,No,0,4281,0,100,360,1,Urban,1,0,Y,1
LP002723,Male,0,No,0,2,1,Graduate,1,No,0,3588,0,110,360,0,Rural,0,1,N,0
LP002729,Male,0,No,0,1,1,Graduate,1,No,0,11250,0,196,360,,Semiurban,0,0,N,0
LP002731,Female,1,No,0,0,0,Not Graduate,0,Yes,1,18165,0,125,360,1,Urban,1,0,Y,1
LP002732,Male,0,No,0,0,0,Not Graduate,0,Yes,0,2550,2042,126,360,1,Rural,0,1,Y,1
LP002734,Male,0,Yes,1,0,0,Graduate,1,No,0,6133,3906,324,360,1,Urban,1,0,Y,1
LP002738,Male,0,No,0,2,1,Graduate,1,No,0,3617,0,107,360,1,Semiurban,0,0,Y,1
LP002739,Male,0,Yes,1,0,0,Not Graduate,0,No,0,2917,536,66,360,1,Rural,0,1,N,0
LP002740,Male,0,Yes,1,3+,1,Graduate,1,No,0,6417,0,157,180,1,Rural,0,1,Y,1
LP002741,Female,1,Yes,1,1,1,Graduate,1,No,0,4608,2845,140,180,1,Semiurban,0,0,Y,1
LP002743,Female,1,No,0,0,0,Graduate,1,No,0,2138,0,99,360,0,Semiurban,0,0,N,0
LP002753,Female,1,No,0,1,1,Graduate,1,No,0,3652,0,95,360,1,Semiurban,0,0,Y,1
LP002755,Male,0,Yes,1,1,1,Not Graduate,0,No,0,2239,2524,128,360,1,Urban,1,0,Y,1
LP002757,Female,1,Yes,1,0,0,Not Graduate,0,No,0,3017,663,102,360,,Semiurban,0,0,Y,1
LP002767,Male,0,Yes,1,0,0,Graduate,1,No,0,2768,1950,155,360,1,Rural,0,1,Y,1
LP002768,Male,0,No,0,0,0,Not Graduate,0,No,0,3358,0,80,36,1,Semiurban,0,0,N,0
LP002772,Male,0,No,0,0,0,Graduate,1,No,0,2526,1783,145,360,1,Rural,0,1,Y,1
LP002776,Female,1,No,0,0,0,Graduate,1,No,0,5000,0,103,360,0,Semiurban,0,0,N,0
LP002777,Male,0,Yes,1,0,0,Graduate,1,No,0,2785,2016,110,360,1,Rural,0,1,Y,1
LP002778,Male,0,Yes,1,2,1,Graduate,1,Yes,1,6633,0,,360,0,Rural,0,1,N,0
LP002784,Male,0,Yes,1,1,1,Not Graduate,0,No,0,2492,2375,,360,1,Rural,0,1,Y,1
LP002785,Male,0,Yes,1,1,1,Graduate,1,No,0,3333,3250,158,360,1,Urban,1,0,Y,1
LP002788,Male,0,Yes,1,0,0,Not Graduate,0,No,0,2454,2333,181,360,0,Urban,1,0,N,0
LP002789,Male,0,Yes,1,0,0,Graduate,1,No,0,3593,4266,132,180,0,Rural,0,1,N,0
LP002792,Male,0,Yes,1,1,1,Graduate,1,No,0,5468,1032,26,360,1,Semiurban,0,0,Y,1
LP002794,Female,1,No,0,0,0,Graduate,1,No,0,2667,1625,84,360,,Urban,1,0,Y,1
LP002795,Male,0,Yes,1,3+,1,Graduate,1,Yes,1,10139,0,260,360,1,Semiurban,0,0,Y,1
LP002798,Male,0,Yes,1,0,0,Graduate,1,No,0,3887,2669,162,360,1,Semiurban,0,0,Y,1
LP002804,Female,1,Yes,1,0,0,Graduate,1,No,0,4180,2306,182,360,1,Semiurban,0,0,Y,1
LP002807,Male,0,Yes,1,2,1,Not Graduate,0,No,0,3675,242,108,360,1,Semiurban,0,0,Y,1
LP002813,Female,1,Yes,1,1,1,Graduate,1,Yes,1,19484,0,600,360,1,Semiurban,0,0,Y,1
LP002820,Male,0,Yes,1,0,0,Graduate,1,No,0,5923,2054,211,360,1,Rural,0,1,Y,1
LP002821,Male,0,No,0,0,0,Not Graduate,0,Yes,1,5800,0,132,360,1,Semiurban,0,0,Y,1
LP002832,Male,0,Yes,1,2,1,Graduate,1,No,0,8799,0,258,360,0,Urban,1,0,N,0
LP002833,Male,0,Yes,1,0,0,Not Graduate,0,No,0,4467,0,120,360,,Rural,0,1,Y,1
LP002836,Male,0,No,0,0,0,Graduate,1,No,0,3333,0,70,360,1,Urban,1,0,Y,1
LP002837,Male,0,Yes,1,3+,1,Graduate,1,No,0,3400,2500,123,360,0,Rural,0,1,N,0
LP002840,Female,1,No,0,0,0,Graduate,1,No,0,2378,0,9,360,1,Urban,1,0,N,0
LP002841,Male,0,Yes,1,0,0,Graduate,1,No,0,3166,2064,104,360,0,Urban,1,0,N,0
LP002842,Male,0,Yes,1,1,1,Graduate,1,No,0,3417,1750,186,360,1,Urban,1,0,Y,1
LP002847,Male,0,Yes,1,1,1,Graduate,1,No,0,5116,1451,165,360,0,Urban,1,0,N,0
LP002855,Male,0,Yes,1,2,1,Graduate,1,No,0,16666,0,275,360,1,Urban,1,0,Y,1
LP002862,Male,0,Yes,1,2,1,Not Graduate,0,No,0,6125,1625,187,480,1,Semiurban,0,0,N,0
LP002863,Male,0,Yes,1,3+,1,Graduate,1,No,0,6406,0,150,360,1,Semiurban,0,0,N,0
LP002868,Male,0,Yes,1,2,1,Graduate,1,No,0,3159,461,108,84,1,Urban,1,0,Y,1
LP002872,Female,1,Yes,1,0,0,Graduate,1,No,0,3087,2210,136,360,0,Semiurban,0,0,N,0
LP002874,Male,0,No,0,0,0,Graduate,1,No,0,3229,2739,110,360,1,Urban,1,0,Y,1
LP002877,Male,0,Yes,1,1,1,Graduate,1,No,0,1782,2232,107,360,1,Rural,0,1,Y,1
LP002888,Male,0,No,0,0,0,Graduate,1,Yes,0,3182,2917,161,360,1,Urban,1,0,Y,1
LP002892,Male,0,Yes,1,2,1,Graduate,1,No,0,6540,0,205,360,1,Semiurban,0,0,Y,1
LP002893,Male,0,No,0,0,0,Graduate,1,No,0,1836,33837,90,360,1,Urban,1,0,N,0
LP002894,Female,1,Yes,1,0,0,Graduate,1,No,0,3166,0,36,360,1,Semiurban,0,0,Y,1
LP002898,Male,0,Yes,1,1,1,Graduate,1,No,0,1880,0,61,360,,Rural,0,1,N,0
LP002911,Male,0,Yes,1,1,1,Graduate,1,No,0,2787,1917,146,360,0,Rural,0,1,N,0
LP002912,Male,0,Yes,1,1,1,Graduate,1,No,0,4283,3000,172,84,1,Rural,0,1,N,0
LP002916,Male,0,Yes,1,0,0,Graduate,1,No,0,2297,1522,104,360,1,Urban,1,0,Y,1
LP002917,Female,1,No,0,0,0,Not Graduate,0,No,0,2165,0,70,360,1,Semiurban,0,0,Y,1
LP002925,Male,0,No,0,0,0,Graduate,1,No,0,4750,0,94,360,1,Semiurban,0,0,Y,1
LP002926,Male,0,Yes,1,2,1,Graduate,1,Yes,1,2726,0,106,360,0,Semiurban,0,0,N,0
LP002928,Male,0,Yes,1,0,0,Graduate,1,No,0,3000,3416,56,180,1,Semiurban,0,0,Y,1
LP002931,Male,0,Yes,1,2,1,Graduate,1,Yes,1,6000,0,205,240,1,Semiurban,0,0,N,0
LP002933,Female,1,No,0,3+,1,Graduate,1,Yes,1,9357,0,292,360,1,Semiurban,0,0,Y,1
LP002936,Male,0,Yes,1,0,0,Graduate,1,No,0,3859,3300,142,180,1,Rural,0,1,Y,1
LP002938,Male,0,Yes,1,0,0,Graduate,1,Yes,1,16120,0,260,360,1,Urban,1,0,Y,1
LP002940,Male,0,No,0,0,0,Not Graduate,0,No,0,3833,0,110,360,1,Rural,0,1,Y,1
LP002941,Male,0,Yes,1,2,1,Not Graduate,0,Yes,1,6383,1000,187,360,1,Rural,0,1,N,0
LP002943,Male,0,No,0,0,0,Graduate,1,No,0,2987,0,88,360,0,Semiurban,0,0,N,0
LP002945,Male,0,Yes,1,0,0,Graduate,1,Yes,1,9963,0,180,360,1,Rural,0,1,Y,1
LP002948,Male,0,Yes,1,2,1,Graduate,1,No,0,5780,0,192,360,1,Urban,1,0,Y,1
LP002949,Female,1,No,0,3+,1,Graduate,1,No,0,416,41667,350,180,,Urban,1,0,N,0
LP002950,Male,0,Yes,1,0,0,Not Graduate,0,No,0,2894,2792,155,360,1,Rural,0,1,Y,1
LP002953,Male,0,Yes,1,3+,1,Graduate,1,No,0,5703,0,128,360,1,Urban,1,0,Y,1
LP002958,Male,0,No,0,0,0,Graduate,1,No,0,3676,4301,172,360,1,Rural,0,1,Y,1
LP002959,Female,1,Yes,1,1,1,Graduate,1,No,0,12000,0,496,360,1,Semiurban,0,0,Y,1
LP002960,Male,0,Yes,1,0,0,Not Graduate,0,No,0,2400,3800,,180,1,Urban,1,0,N,0
LP002961,Male,0,Yes,1,1,1,Graduate,1,No,0,3400,2500,173,360,1,Semiurban,0,0,Y,1
LP002964,Male,0,Yes,1,2,1,Not Graduate,0,No,0,3987,1411,157,360,1,Rural,0,1,Y,1
LP002974,Male,0,Yes,1,0,0,Graduate,1,No,0,3232,1950,108,360,1,Rural,0,1,Y,1
LP002978,Female,1,No,0,0,0,Graduate,1,No,0,2900,0,71,360,1,Rural,0,1,Y,1
LP002979,Male,0,Yes,1,3+,1,Graduate,1,No,0,4106,0,40,180,1,Rural,0,1,Y,1
LP002983,Male,0,Yes,1,1,1,Graduate,1,No,0,8072,240,253,360,1,Urban,1,0,Y,1
LP002984,Male,0,Yes,1,2,1,Graduate,1,No,0,7583,0,187,360,1,Urban,1,0,Y,1
LP002990,Female,1,No,0,0,0,Graduate,1,Yes,1,4583,0,133,360,0,Semiurban,0,0,N,0
